{"cameraMode":{"drawMode":0,"name":"Shaded","section":"Shading Mode"},"sceneLighting":true,"audioPlay":false,"sceneViewState":{"showFog":true,"showMaterialUpdate":false,"showSkybox":true,"showFlares":true,"showImageEffects":true,"showParticleSystems":true},"in2DMode":false,"pivot":{"x":473.3502197265625,"y":157.76463317871095,"z":193.71322631835938},"rotation":{"x":-0.07186264544725418,"y":0.16234032809734345,"z":-0.011855297721922398,"w":-0.9840431213378906},"size":620.6926879882813,"orthographic":false}