{"cameraMode":{"drawMode":0,"name":"Shaded","section":"Shading Mode"},"sceneLighting":false,"audioPlay":false,"sceneViewState":{"showFog":true,"showMaterialUpdate":false,"showSkybox":true,"showFlares":true,"showImageEffects":true,"showParticleSystems":true},"in2DMode":false,"pivot":{"x":2.6878411769866945,"y":6.039813995361328,"z":-4.286874771118164},"rotation":{"x":0.0005951583734713495,"y":0.9179151058197022,"z":-0.3967740833759308,"w":0.001376879634335637},"size":29.999126434326173,"orthographic":false}