{"cameraMode":{"drawMode":0,"name":"Shaded","section":"Shading Mode"},"sceneLighting":false,"audioPlay":false,"sceneViewState":{"showFog":true,"showMaterialUpdate":false,"showSkybox":true,"showFlares":true,"showImageEffects":true,"showParticleSystems":true},"in2DMode":false,"pivot":{"x":1.4599227905273438,"y":3.106438636779785,"z":-5.037148475646973},"rotation":{"x":-0.11714942008256912,"y":0.8467841744422913,"z":-0.20884710550308228,"w":-0.4749900698661804},"size":29.90883445739746,"orthographic":false}