{"cameraMode":{"drawMode":0,"name":"Shaded","section":"Shading Mode"},"sceneLighting":true,"audioPlay":false,"sceneViewState":{"showFog":true,"showMaterialUpdate":false,"showSkybox":true,"showFlares":true,"showImageEffects":true,"showParticleSystems":true},"in2DMode":false,"pivot":{"x":0.7517603039741516,"y":6.3249359130859379,"z":-3.4047508239746095},"rotation":{"x":0.0006476643611676991,"y":0.9984704852104187,"z":-0.05396990850567818,"w":0.011982291005551815},"size":33.01108169555664,"orthographic":false}