{"cameraMode":{"drawMode":0,"name":"Shaded","section":"Shading Mode"},"sceneLighting":false,"audioPlay":false,"sceneViewState":{"showFog":true,"showMaterialUpdate":false,"showSkybox":true,"showFlares":true,"showImageEffects":true,"showParticleSystems":true},"in2DMode":false,"pivot":{"x":0.44190025329589846,"y":0.6527881622314453,"z":-0.8988323211669922},"rotation":{"x":-0.11714942008256912,"y":0.8467841744422913,"z":-0.20884710550308228,"w":-0.4749900698661804},"size":26.209009170532228,"orthographic":false}