{"cameraMode":{"drawMode":0,"name":"Shaded","section":"Shading Mode"},"sceneLighting":true,"audioPlay":false,"sceneViewState":{"showFog":true,"showMaterialUpdate":false,"showSkybox":true,"showFlares":true,"showImageEffects":true,"showParticleSystems":true},"in2DMode":false,"pivot":{"x":70.73907470703125,"y":49.52304458618164,"z":-68.8824462890625},"rotation":{"x":-0.07186264544725418,"y":0.16234032809734345,"z":-0.011855297721922398,"w":-0.9840431213378906},"size":986.8582763671875,"orthographic":false}